<?xml version="1.0" encoding="UTF-8"?>
<?xml-stylesheet type="text/xsl" href="transforms/funding-transform.xsl"?>
<!-- Template
<fund>
	<Year></Year>
	<Amount></Amount> !!!REMOVE FORMATTING FROM THE AMOUNT!
	<Source></Source>
	<Title></Title>
</fund>
-->


<funding-list>
	<fund>
		<Year>2014-2016</Year>
		<Amount>62509</Amount>
		<Source>National Science Foundation</Source>
		<Title>Renewable and Compostable Fungus Based Plastics - Establishing the Structure/Property/Processing Relationships to Facilitate Commercialization</Title>
	</fund>
	<fund>
		<Year>2013-2014</Year>
		<Amount>40000</Amount>
		<Source>Kern Family Foundation</Source>
		<Title>Linking Opportunity Recognition the Value Proposition and Customer Segments: Course MMarials for the KEEN Network</Title>
	</fund>
	<fund>
		<Year>2012-2013</Year>
		<Amount>38000</Amount>
		<Source>National Science Foundation</Source>
		<Title>Using Mycelium as a matrix for Binding Natural Fibers and Core Filler Materials in Sustainable Composites</Title>
	</fund>
	<fund>
		<Year>2012-2013</Year>
		<Amount>62000</Amount>
		<Source>New York State Energy Research and Development Authority</Source>
		<Title>Manufacturing Scale-Up for Sustainable Biocomposite Parts for the Transportation Industry</Title>
	</fund>
	<fund>
		<Year>2011-2012</Year>
		<Amount>35000</Amount>
		<Source>2011 IBM Faculty Award</Source>
		<Title>IBM Corporation TJ Watson Research Center</Title>
	</fund>
	<fund>
		<Year>2011-2013</Year>
		<Amount>141240</Amount>
		<Source>Kern Family Foundation</Source>
		<Title>Kern Entrepreneurship Education Network (KEEN)</Title>
	</fund>
	<fund>
		<Year>2010-2011</Year>
		<Amount>8000</Amount>
		<Source>National Science Foundation SBIR (Ecovative Design LLC)</Source>
		<Title>Using Mycelium as a Matrix for Binding Natural fibers and Core Filler Materials in Sustainable Composites</Title>
	</fund>
	<fund>
		<Year>2011-2014</Year>
		<Amount>250000</Amount>
		<Source>National Institutes of Health</Source>
		<Title>Artifact-Free reconstructin of Medical Imaging Information</Title>
	</fund>
	<fund>
		<Year>2007-2009</Year>
		<Amount>32000</Amount>
		<Source>National Collegiate Inventors and Innovators Alliance Entrepreneurship and Society</Source>
		<Title>Entrepreneurship Undergraduate Seminar</Title>
	</fund>
	<fund>
		<Year>2007</Year>
		<Amount>290000</Amount>
		<Source>National Science Foundation MRI</Source>
		<Title>SEM for Multi-Disciplinary Programs</Title>
	</fund>
	<fund>
		<Year>2005-2008</Year>
		<Amount>5500000</Amount>
		<Source>NY State Senate</Source>
		<Title>Using super conductivity in power transmission</Title>
	</fund>
	<fund>
		<Year>2005-2007</Year>
		<Amount>692000</Amount>
		<Source>NYS Office of Science Technology and Academic Research / Office of Homeland Security</Source>
		<Title>Watervliet Innovation Center - Homeland Security Incubator</Title>
	</fund>
	<fund>
		<Year>2005</Year>
		<Amount>20000</Amount>
		<Source>Knoll's Atomic Power Laboratory</Source>
		<Title>Full Field Strain Investigation of Nickel Based Alloy Specimens</Title>
	</fund>
	<fund>
		<Year>2001-2002</Year>
		<Amount>256925</Amount>
		<Source>National Science Foundation MRI</Source>
		<Title>Acquisition of Instrumentation Used for the Non-Contact Measurement of Strains and Displacements on the Surface of Composite Materials with High Strain Gradients</Title>
	</fund>
	<fund>
		<Year>2000-2001</Year>
		<Amount>178000</Amount>
		<Source>NASA</Source>
		<Title>Thermoplastic Composite Feed Line Development</Title>
	</fund>
	<fund>
		<Year>2000-2002</Year>
		<Amount>500000</Amount>
		<Source>Keck Foundation</Source>
		<Title>International Studies through New Learning Models</Title>
	</fund>
	<fund>
		<Year>2000-2001</Year>
		<Amount>70000</Amount>
		<Source>Automated Dynamics Corporation</Source>
		<Title>Union College Composite Material Laboratory Improvements</Title>
	</fund>
	<fund>
		<Year>2000</Year>
		<Amount>5000</Amount>
		<Source>U.S. Army Far East Directorate</Source>
		<Title>Attending Asian-Austrianasian Composite ACCM-2000 in Kyongju Korea for U.S. Army</Title>
	</fund>
	<fund>
		<Year>1999-2000</Year>
		<Amount>11625</Amount>
		<Source>Naval Surface Warfare Center Phase I SBIR</Source>
		<Title>Improving Thermal Conductivity in Composites</Title>
	</fund>
	<fund>
		<Year>1999-2000</Year>
		<Amount>250000</Amount>
		<Source>U.S. Army Benet Laboratories</Source>
		<Title>Braider for Composite Materials</Title>
	</fund>
	<fund>
		<Year>1998-1999</Year>
		<Amount>50000</Amount>
		<Source>Boeing Commercial Aircraft Company</Source>
		<Title>Evaluation of Tow Size in Composite Components</Title>
	</fund>
	<fund>
		<Year>1998-1999</Year>
		<Amount>98003</Amount>
		<Source>National Science Foundation ILI-IP</Source>
		<Title>Composite Material Fabrication and Evaluation Facility</Title>
	</fund>
	<fund>
		<Year>1997-1999</Year>
		<Amount>250000</Amount>
		<Source>Rob Roy Industries</Source>
		<Title>Thermoplastic Composite Fiber Placement Equipment</Title>
	</fund>
	<fund>
		<Year>1997</Year>
		<Amount>45000</Amount>
		<Source>NASA Marshall Space Flight Center and General Electric Corporate Research and Development Center</Source>
		<Title>Servo Hydraulic Controllers for Materials Testing</Title>
	</fund>
	<fund>
		<Year>1997</Year>
		<Amount>20000</Amount>
		<Source>NASA Marshall Space Flight Center</Source>
		<Title>Development of Foreign Body Impact Computer Model for Composite Materials</Title>
	</fund>

</funding-list>