<?xml version="1.0" encoding="UTF-8"?>
<?xml-stylesheet type="text/xsl" href="transforms/video-transform.xsl"?>

<videos>
	<Category name="Category1">
		<Topic name="Category1Topic1">
			<Video name="Category1-Topic1-Video1" link="mov_bbb.mp4" />
			<Video name="Category1-Topic1-Video2" link="http://techslides.com/demos/sample-videos/small.mp4" />
		</Topic>
		<Topic name="Category1Topic2">
			<Video name="Category1-Topic2-Video1" link="#" />
			<Video name="Category1-Topic2-Video2" link="#" />
			<Video name="Category1-Topic2-Video3" link="#" />
			<Video name="Category1-Topic2-Video4" link="#" />
			<Video name="Category1-Topic2-Video5" link="#" />
			<Video name="Category1-Topic2-Video6" link="#" />
			<Video name="Category1-Topic2-Video7" link="#" />
		</Topic>
	</Category>
	<Category name="Category2">
		<Topic name="Category2Topic1">
			<Video name="Category2-Topic1-Video1" link="#" />
			<Video name="Category2-Topic1-Video2" link="#" />
			<Video name="Category2-Topic1-Video3" link="#" />
		</Topic>
		<Topic name="Category2Topic2">
			<Video name="Category2-Topic2-Video1" link="http://clips.vorwaerts-gmbh.de/big_buck_bunny.mp4" />
			<Video name="Category2-Topic2-Video2" link="clipcanvas.mp4" />
		</Topic>
	</Category>
	<Category name="Category3">
		<Topic name="Category3Topic1">
		</Topic>
	</Category>	
</videos>

<!--Sample
<videos>
	<Category name="Cat 1">
		<Topic name="Topic A">
			both ways work fine
			<Video name="my movie" link="mymovie.mp4" />
			<Video name="my movie" link="mymovie.mp4" ></Video>
		</Topic>
	</Category>
</videos>
-->