﻿<?xml version="1.0" encoding="UTF-8"?>
<?xml-stylesheet type="text/xsl" href="nav_transform.xsl"?>
<navigation>
  <item name="Main">
    <subitem name="Homepage" target="index.html" />
    <subitem name="Instructor" target="http://rbb.union.edu" external="true" />
    <subitem name="Union College" target="http://www.union.edu" external="true" />
  </item>
  <item name="Course">
    <subitem name="Weekly Topics" target="CourseTopics.html" />
    <subitem name="Guidelines" target="CourseGuidelines.html" />
  </item>
  <item name="Homework">
    <subitem name="Assignements" target="HomeworkAssignments.html" />
  </item>
</navigation>