<?xml version="1.0" encoding="UTF-8"?>
<?xml-stylesheet type="text/xsl" href="nav_transform.xsl"?>
<navigation>
    <item name="Main">
        <subitem name="Homepage"        target="index.html"/>
        <subitem name="Instructor"      target="http://rbb.union.edu"/>
        <subitem name="Union College"   target="http://www.union.edu" external="true"/>
    </item>
    <item name="Course">
        <subitem name="Weekly Topics"   target="CourseTopics.html"/>
        <subitem name="Guidelines"      target="CourseGuidelines.html"/>
	</item>
	<item name="Homework">
        <subitem name="Assignments"     target="HomeworkAssignments.html"/>
	</item>
	<!-- Nothing will be read in between 
	<item name="Course">
        <subitem name="Grading"         target="CourseGrading.html"/>
        <subitem name="Description"     target="CourseDescription.html"/>
        <subitem name="Objectives"      target="CourseObjectives.html"/>
        <subitem name="ABET"            target="CourseABET.html"/>
    </item>
    <item name="Homework">
        <subitem name="Assignments"     target="HomeworkAssignments.html"/>
        <subitem name="Guidelines"      target="HomeworkGuidelines.html"/>
        <subitem name="Format"          target="HomeworkFormat.html"/>
    </item>
    <item name="Laboratories">
        <subitem name="Weekly"          target="LabWeekly.html"/>
        <subitem name="Guidelines"      target="LabGuidelines.html"/>
        <subitem name="LabWrite"        target="www.labwrite.ncsu.edu" external="true"/>
    </item>
    <item name="Common Hour">
        <subitem name="Schedule"         target="CommonHourSchedule.html"/>
    </item>
    <item name="Competition">
        <subitem name="Description"     target="ProjectIntroduction.html"/>
        <subitem name="Rules"           target="ProjectRules.html"/>
        <subitem name="Resources"       target="ProjectResources.html"/>
    </item>
	-->
</navigation>